[
    {
        "question": "1. True or False: Avocados are a fruit.",
        "answer": "True"
    },
    {
        "question": "2. True or False: A single strand of spaghetti is called a spaghetto.",
        "answer": "True"
    },
    {
        "question": "3. True or False: The durian fruit is banned in some public spaces due to its strong odor.",
        "answer": "True"
    },
    {
        "question": "4. True or False: Saffron is the most expensive spice in the world by weight.",
        "answer": "True"
    },
    {
        "question": "5. True or False: It is safe to eat raw cookie dough because the eggs have been pasteurized.",
        "answer": "False"
    },
    {
        "question": "6. True or False: Quinoa is a type of grain.",
        "answer": "False"
    },
    {
        "question": "7. True or False: All mushrooms are safe to eat.",
        "answer": "False"
    },
    {
        "question": "8. True or False: Lemons float in water due to their high acidity.",
        "answer": "True"
    },
    {
        "question": "9. True or False: Vanilla is derived from the orchid plant.",
        "answer": "True"
    },
    {
        "question": "10. True or False: Cucumbers are a fruit, not a vegetable.",
        "answer": "True"
    },
    {
        "question": "11. True or False: Chocolate has been used as a currency in ancient civilizations.",
        "answer": "True"
    },
    {
        "question": "12. True or False: Honey never spoils.",
        "answer": "True"
    },
    {
        "question": "13. True or False: All parts of a cashew fruit are edible.",
        "answer": "False"
    },
    {
        "question": "14. True or False: The bell pepper is a member of the nightshade family.",
        "answer": "True"
    },
    {
        "question": "15. True or False: Peanuts are nuts.",
        "answer": "False"
    },
    {
        "question": "16. True or False: Wasabi is often served with sushi, but most of the time it is actually colored horseradish.",
        "answer": "True"
    },
    {
        "question": "17. True or False: Pineapple is a berry.",
        "answer": "True"
    },
    {
        "question": "18. True or False: Almonds are seeds, not nuts.",
        "answer": "True"
    },
    {
        "question": "19. True or False: The hottest part of a chili pepper is the seeds.",
        "answer": "False"
    },
    {
        "question": "20. True or False: Bananas grow on trees.",
        "answer": "False"
    },
    {
        "question": "1. True or False: Carrots were originally purple.",
        "answer": "True"
    },
    {
        "question": "2. True or False: The strawberry is the only fruit with seeds on the outside.",
        "answer": "True"
    },
    {
        "question": "3. True or False: The artichoke is a flower bud before it blooms.",
        "answer": "True"
    },
    {
        "question": "4. True or False: All bell peppers start out green and change color as they ripen.",
        "answer": "True"
    },
    {
        "question": "5. True or False: The coffee \"bean\" is actually a seed.",
        "answer": "True"
    },
    {
        "question": "6. True or False: All rice comes from the same plant species.",
        "answer": "False"
    },
    {
        "question": "7. True or False: The world's most popular fruit is the tomato.",
        "answer": "False"
    },
    {
        "question": "8. True or False: Quinoa is a complete protein, containing all nine essential amino acids.",
        "answer": "True"
    },
    {
        "question": "9. True or False: Turmeric is a natural anti-inflammatory spice.",
        "answer": "True"
    },
    {
        "question": "10. True or False: Watermelon is considered both a fruit and a vegetable.",
        "answer": "True"
    },
    {
        "question": "11. True or False: Pineberries are strawberries that taste like pineapples.",
        "answer": "True"
    },
    {
        "question": "12. True or False: Honeydew melon is named after Melon, a Greek goddess.",
        "answer": "False"
    },
    {
        "question": "13. True or False: Maple syrup comes from the sap of maple trees.",
        "answer": "True"
    },
    {
        "question": "14. True or False: Most wasabi served in restaurants is actually a mixture of horseradish, mustard, and food coloring.",
        "answer": "True"
    },
    {
        "question": "15. True or False: Peaches are a type of drupe fruit.",
        "answer": "True"
    },
    {
        "question": "16. True or False: The world's most expensive coffee is made from beans that have been eaten and excreted by civets.",
        "answer": "True"
    },
    {
        "question": "17. True or False: Cashews are related to poison ivy and can cause skin irritation if not processed correctly.",
        "answer": "True"
    },
    {
        "question": "18. True or False: The United States is the world's largest producer of blueberries.",
        "answer": "True"
    },
    {
        "question": "19. True or False: Dark chocolate is a rich source of antioxidants.",
        "answer": "True"
    },
    {
        "question": "20. True or False: The oldest known vegetable is the pea.",
        "answer": "True"
    },
    {
        "question": "21. True or False: Wasabi is a type of Japanese horseradish.",
        "answer": "True"
    },
    {
        "question": "22. True or False: Gouda is a type of Italian cheese.",
        "answer": "False"
    },
    {
        "question": "23. True or False: Pumpernickel bread is traditionally made with rye flour.",
        "answer": "True"
    },
    {
        "question": "24. True or False: Oysters are commonly eaten raw.",
        "answer": "True"
    },
    {
        "question": "25. True or False: Tofu is a dairy product.",
        "answer": "False"
    },
    {
        "question": "26. True or False: All salt is iodized.",
        "answer": "False"
    },
    {
        "question": "27. True or False: Pine nuts come from pine cones.",
        "answer": "True"
    },
    {
        "question": "28. True or False: Gelato contains more milk and less air than traditional ice cream.",
        "answer": "True"
    },
    {
        "question": "29. True or False: Sriracha sauce originated in Thailand.",
        "answer": "False"
    },
    {
        "question": "30. True or False: Pecans are native to North America.",
        "answer": "True"
    },
    {
        "question": "31. True or False: Feta cheese is traditionally made from cow's milk.",
        "answer": "False"
    },
    {
        "question": "32. True or False: Champagne can only be called Champagne if it is made in the Champagne region of France.",
        "answer": "True"
    },
    {
        "question": "33. True or False: The spiciest part of a chili pepper is the flesh, not the seeds.",
        "answer": "True"
    },
    {
        "question": "34. True or False: Black truffles are a type of fungi that grow underground.",
        "answer": "True"
    },
    {
        "question": "35. True or False: Miso paste is a common ingredient in Japanese cuisine.",
        "answer": "True"
    },
    {
        "question": "36. True or False: Macadamia nuts are toxic to dogs.",
        "answer": "True"
    },
    {
        "question": "37. True or False: Balsamic vinegar is traditionally aged in wooden barrels.",
        "answer": "True"
    },
    {
        "question": "38. True or False: Nutmeg is a seed, not a nut.",
        "answer": "True"
    },
    {
        "question": "39. True or False: Quinoa is gluten-free.",
        "answer": "True"
    },
    {
        "question": "40. True or False: Tequila is made from the blue agave plant.",
        "answer": "True"
    }
]